Sr#,FileName,Total Sequence,Predicted Promoters,Predicted Promoters %,AT%,in whole dataset AT% , GC%,in whole dataset GC%
1,AP028907.1_Pyrodictium_abyssi_AV2_DNA,2501,247,9.9,45.1,41.14,54.9,58.9
2,CP013011.1_Pyrodictium_delaneyi_strain_Su06_chromosome,2093,272,13,49,47.07,51,52.9
3,CP000493.1_Hyperthermus_butylicus_DSM_5456,1672,220,13.2,49.9,46.71,50.1,53.3
4,CP012850.1_Candidatus_Nitrosocosmicus_oleophilus_strain_MY3,3757,573,15.3,71.4,72.32,28.6,27.7
5,CP007026.1_Candidatus_Nitrosopelagicus_brevis_strain_CN25,1502,245,16.3,70.1,71.05,29.9,29
6,CP002098.1_Ignisphaera_aggregans_DSM_17230,2039,336,16.5,67,68.04,33.1,32
7,CP030847.1_Nitrosarchaeum_sp._AC2_chromosome,2040,363,17.8,70.9,72.02,29.1,28
8,CP010868.1_Nitrosopumilus_piranensis_strain_D3C,2216,397,17.9,70.5,71.12,29.5,28.9
9,CP026994.1_Nitrosopumilus_oxyclinae_strain_HCE1_chromosome,1840,330,17.9,70.5,71.2,29.5,28.8
10,CP021324.1_Candidatus_Nitrosomarinus_catalina_strain_SPOT01_chromosome,1722,316,18.4,73.6,73.55,26.4,26.5
11,CP002529.1_Vulcanisaeta_moutnovskia_768-28,2393,444,18.6,64.2,65.36,35.8,34.6
12,CP026993.1_Nitrosopumilus_cobalaminigenes_strain_HCA1_chromosome,1863,348,18.7,70.8,71.09,29.2,28.9
13,CP000866.1_Nitrosopumilus_maritimus_SCM1,1840,350,19,70.1,70.34,29.9,29.7
14,CP011070.1_Nitrosopumilus_adriaticus_strain_NF5,2264,430,19,71.5,71.32,28.5,28.7
15,BA000002.3_Aeropyrum_pernix_K1_DNA,1752,334,19.1,50.2,47.14,49.8,52.9
16,CP002100.1_Vulcanisaeta_distributa_DSM_14429,2592,494,19.1,62,63.46,38,36.5
17,CP026995.1_Nitrosopumilus_ureiphilus_strain_PS0_chromosome,2527,488,19.3,70.7,71.37,29.3,28.6
18,AP012489.1_Aeropyrum_camini_SY1_=_JCM_12091_DNA,1694,328,19.4,49.2,46.62,50.8,53.4
19,CP003843.1_Candidatus_Nitrosopumilus_sp._AR2,2014,390,19.4,70.6,70.95,29.5,29.1
20,CP014213.1_Methanosphaera_sp._BMS,2187,425,19.4,76.7,76.78,23.3,23.2
21,CP011097.2_Candidatus_Nitrosotenuis_cloacae_strain_SAT1,1855,367,19.8,63.9,64.59,36.1,35.4
22,CP003842.1_Candidatus_Nitrosopumilus_koreensis_AR1,1931,383,19.8,70,70.28,30,29.7
23,CP067007.1_Nitrosopumilus_sp._K4_chromosome,1993,397,19.9,69.9,70.14,30.1,29.9
24,CP002408.1_Candidatus_Nitrososphaera_gargensis_Ga9.2,3602,724,20.1,56.4,57.64,43.7,42.4
25,CP035425.1_Candidatus_Nitrosopumilus_sp._SW_chromosome,1793,360,20.1,70.6,70.74,29.4,29.3
26,AP026830.1_Vulcanisaeta_souniana_JCM_11219_DNA,2711,548,20.2,61.7,63.12,38.3,36.9
27,CP002838.1_Pyrolobus_fumarii_1A,2037,416,20.4,46.2,45.32,53.8,54.7
28,AP026695.1_Nitrosopumilus_zosterae_NM25_DNA,2108,430,20.4,70.6,71.03,29.4,29
29,CP000852.1_Caldivirga_maquilingensis_IC-167,2045,419,20.5,62.4,63.66,37.6,36.3
30,CP072660.1_Desulfurococcaceae_archaeon_MEX13E-LK6-19_chromosome,1952,414,21.2,62.7,63.68,37.3,36.3
31,CP030846.1_Candidatus_Nitrosotenuis_sp._DW1_chromosome,2105,447,21.2,64.5,65.21,35.5,34.8
32,CP002101.1_Methanosalsum_zhilinae_DSM_4017,2086,447,21.4,67,68.05,33,32
33,AP028634.1_Pyrodictiaceae_archaeon_YC29_DNA,2102,457,21.7,52.7,52.67,47.3,47.3
34,CP015363.1_Ferroplasma_acidiphilum_strain_Y,1860,410,22,69.8,72.08,30.2,27.9
35,CP130341.1_Candidatus_Nitrosotenuis_chungbukensis_strain_MY2_chromosome,2395,535,22.3,62.4,63.35,37.6,36.7
36,CP000102.1_Methanosphaera_stadtmanae_DSM_3091,1587,356,22.4,81.3,80.05,18.7,20
37,BA000011.4_Thermoplasma_volcanium_GSS1_DNA,1526,344,22.5,65.2,67.11,34.8,32.9
38,CP004145.1_Ferroplasma_acidarmanus_fer1,2000,455,22.8,69.3,71.82,30.7,28.2
39,CP003083.1_Methanolobus_psychrophilus_R15_chromosome,3228,762,23.6,61,62.09,39,37.9
40,AP019779.1_Methanobrevibacter_arboriphilus_SA_DNA,2099,500,23.8,80.3,81.33,19.7,18.7
41,CP003362.1_Methanomethylovorans_hollandica_DSM_15978,2460,590,24,63.5,64.2,36.5,35.8
42,CP118753.2_Methanosphaera_sp._ISO3-F5_chromosome,2198,532,24.2,76.9,77.44,23.1,22.6
43,CP000743.1_Methanococcus_aeolicus_Nankai-3,1552,379,24.4,76.5,78.52,23.5,21.5
44,CP000575.1_Staphylothermus_marinus_F1,1645,406,24.7,67.8,68.63,32.2,31.4
45,CP150629.1_Methanolobus_sp._WCC4_chromosome,2714,674,24.8,62,63.5,38,36.5
46,CP073710.1_Methanococcoides_orientis_strain_LMO-1_chromosome,2435,611,25.1,63.4,64.8,36.6,35.2
47,CP005934.1_Candidatus_Methanomassiliicoccus_intestinalis_Issoire-Mx1,1882,479,25.5,62,62.55,38,37.5
48,CP133592.1_Methanolobus_sediminis_strain_FTZ6_chromosome,2758,705,25.6,65,65.77,35,34.2
49,CP133594.1_Methanolobus_mangrovi_strain_FTZ2_chromosome,2573,663,25.8,64.5,65.58,35.5,34.4
50,CP000300.1_Methanococcoides_burtonii_DSM_6242,2500,647,25.9,65.1,65.73,35,34.3
51,CP011266.1_Methanobrevibacter_millerae_strain_SM9,2369,614,25.9,76.7,77.18,23.3,22.8
52,CP146982.1_Methanolobus_sp._ZRKC3_chromosome,2823,733,26,64.3,65.27,35.7,34.7
53,CP081183.1_Salinarchaeum_sp._IM2453_chromosome,2521,657,26.1,54.8,57.86,45.2,42.1
54,CP007536.1_Nitrososphaera_viennensis_EN76,3185,837,26.3,54.1,54.96,45.9,45
55,CP151792.1_Methanolobus_sp._ZRKC5_chromosome,2940,773,26.3,65.7,66.53,34.4,33.5
56,CP019964.1_Candidatus_Mancarchaeum_acidiphilum_strain_Mia14_chromosome,1034,272,26.3,68.9,69.94,31.1,30.1
57,CP010834.1_Methanobrevibacter_sp._YE315,2102,552,26.3,74.2,75.19,25.9,24.8
58,CP007174.1_Candidatus_Nitrososphaera_evergladensis_SR1,3546,941,26.5,56.7,57.35,43.3,42.7
59,CP060531.1_Thermoplasmatales_archaeon_strain_B_DKE_chromosome,2089,553,26.5,60.8,61.57,39.3,38.4
60,CP104873.1_Methanococcus_aeolicus_strain_PL15-HP_chromosome,1663,441,26.5,76.1,78.32,23.9,21.7
61,CP103305.1_Nitrososphaera_viennensis_strain_PLX03_chromosome,2989,798,26.7,54.6,55.37,45.4,44.6
62,CP146983.1_Methanolobus_sp._ZRKC4_chromosome,3013,803,26.7,65.2,66.27,34.8,33.7
63,CP002051.1_Staphylothermus_hellenicus_DSM_12710,1715,459,26.8,67,67.76,33,32.2
64,AP031373.1_Nanoarchaeota_archaeon_YN1_DNA,934,254,27.2,81,81.02,19,19
65,CP029288.2_Acidianus_sulfidivorans_JP7_chromosome,2338,640,27.4,73.9,73.88,26.1,26.1
66,CP081485.1_Methanobrevibacter_sp._TLL-48-HuF1_chromosome,1820,498,27.4,76.9,77.36,23.1,22.6
67,CP003321.1_Desulfurococcus_fermentans_DSM_16532,1521,418,27.5,60.5,60.97,39.6,39
68,CP001994.1_Methanohalophilus_mahii_DSM_5219,2095,576,27.5,63.8,64.53,36.2,35.5
69,CP020477.1_Acidianus_manzaensis_strain_YN-25_chromosome,2755,761,27.6,73.9,73.97,26.1,26
70,CP017921.1_Methanohalophilus_halophilus_strain_Z-7982_chromosome,2050,568,27.7,63.9,64.45,36.1,35.6
71,CP146980.1_Methanolobus_sp._ZRKC2_chromosome,2801,775,27.7,63.9,65.21,36.1,34.8
72,CP002069.1_Methanohalobium_evestigatum_Z-7303,2318,641,27.7,69.9,70.61,30.1,29.4
73,CP002792.1_Methanothermococcus_okinawensis_IH1,1662,460,27.7,79.5,81.18,20.5,18.8
74,CP058215.1_Methanolobus_zinderi_strain_DSM_21339_chromosome,2691,749,27.8,62.6,64.01,37.4,36
75,CP009518.1_Methanococcoides_methylutens_MM1,2267,633,27.9,62.6,63.35,37.5,36.7
76,CP002551.1_Methanobacterium_lacus_strain_AL-21,2583,720,27.9,71.8,72.54,28.2,27.5
77,CP001742.1_Acidilobus_saccharovorans_345-15,1551,435,28,50.8,48.52,49.2,51.5
78,CP017803.1_Methanobrevibacter_smithii_strain_KB11_chromosome,1767,496,28.1,76.3,76.8,23.7,23.2
79,AM114193.2_Methanocella_arvoryzae_MRE50_complete_genome,3156,889,28.2,53.5,54.87,46.5,45.1
80,CP096115.1_Methanoplanus_endosymbiosus_strain_DSM_3599_chromosome,2922,827,28.3,62.7,64.09,37.3,35.9
81,AM180088.1_Haloquadratum_walsbyi_DSM_16790_complete_genome,3449,978,28.4,53.4,57.36,46.6,42.6
82,CP002818.1_Sulfolobus_acidocaldarius_Ron12-I,2350,675,28.7,69.3,69.3,30.7,30.7
83,CP001140.1_Desulfurococcus_kamchatkensis_1221n,1523,439,28.8,59.8,60.23,40.2,39.8
84,AP019769.1_Nanobdella_aerobiophila_MJ1_DNA,782,225,28.8,80.5,80.35,19.5,19.7
85,FR746099.1_Haloquadratum_walsbyi_C23_complete_genome,3496,1010,28.9,53.2,57.22,46.8,42.8
86,CP046615.1_Sulfolobus_acidocaldarius_DSM_639_chromosome,2346,677,28.9,69.5,69.54,30.5,30.5
87,AP025586.1_Methanobrevibacter_smithii_CE91-St67_DNA,1755,508,28.9,76.6,76.96,23.4,23
88,CP000077.1_Sulfolobus_acidocaldarius_DSM_639,2329,675,29,69.5,69.69,30.5,30.3
89,AP025226.1_Saccharolobus_caldissimus_JCM32116_DNA,3356,973,29,71.2,71.64,28.8,28.4
90,CP146016.1_Sulfolobus_tengchongensis_strain_RT2_chromosome,2786,814,29.2,69.9,70.49,30.1,29.5
91,CP000678.1_Methanobrevibacter_smithii_ATCC_35061,1837,536,29.2,76.7,76.91,23.3,23.1
92,CP002817.1_Sulfolobus_acidocaldarius_N8,2308,677,29.3,69.3,69.31,30.7,30.7
93,AP025587.1_Methanobrevibacter_smithii_CE91-St68_DNA,1753,514,29.3,76.6,77,23.4,23
94,CP010515.1_Acidilobus_sp._7A,1556,457,29.4,49.8,46.98,50.2,53
95,CP003928.1_Sulfolobus_islandicus_LAL14-1,2689,797,29.6,69.4,69.5,30.7,30.5
96,CP004050.1_Methanobrevibacter_sp._AbM4,1729,512,29.6,81.4,81.41,18.6,18.6
97,CP017766.1_Methanobacterium_subterraneum_strain_MO-MB1,2414,716,29.7,69.3,70.2,30.7,29.8
98,CP017767.1_Methanobacterium_sp._MZ-A1,2445,726,29.7,69.5,70.33,30.6,29.7
99,CP045687.1_Sulfolobus_sp._E5-1-F_chromosome,2654,791,29.8,70,70.24,30,29.8
100,AP024596.1_Sulfolobales_archaeon_HS-7_DNA,2188,654,29.9,64.8,65.85,35.2,34.2
101,CP001400.1_Sulfolobus_islandicus_M.14.25,2902,869,29.9,69.4,69.61,30.6,30.4
102,CP001401.1_Sulfolobus_islandicus_M.16.27,2959,884,29.9,69.6,69.76,30.4,30.2
103,CP133772.1_Oxyplasma_meridianum_strain_M1_chromosome,1721,516,30,65.2,66.36,34.9,33.6
104,CP009479.1_Uncultured_archaeon_clone_ASS_A1,2004,604,30.1,59,60.32,41,39.7
106,CP006977.1_Sulfolobus_acidocaldarius_SUSAZ,2228,673,30.2,69.3,70.05,30.7,30
105,CP002426.1_Sulfolobus_islandicus_HVE10-4,2864,864,30.2,69.4,69.86,30.6,30.1
107,CP002425.1_Sulfolobus_islandicus_REY15A,2806,853,30.4,69.3,69.52,30.7,30.5
108,CP001402.1_Sulfolobus_islandicus_M.16.4,2870,879,30.6,69.5,69.77,30.5,30.2
109,CP045706.1_Sulfolobus_sp._E11-6_chromosome,2758,845,30.6,70.1,70.16,29.9,29.8
110,CP002772.1_Methanobacterium_paludis_strain_SWAN1,2500,765,30.6,72.5,72.91,27.5,27.1
111,CP001404.1_Sulfolobus_islandicus_Y.N.15.51,3275,1007,30.7,68.7,69.3,31.3,30.7
112,CP029289.2_Acidianus_brierleyi_strain_DSM_1651_chromosome,3148,967,30.7,72.1,72.88,27.9,27.1
113,AP025251.1_Candidatus_Methanoliparum_sp._LAM-1_DNA,1394,430,30.8,71.3,71.51,28.7,28.5
114,CP001399.1_Sulfolobus_islandicus_L.S.2.15,3071,950,30.9,69,69.37,31,30.6
115,CP017006.1_Sulfolobus_sp._A20_chromosome,2687,831,30.9,70.3,70.71,29.7,29.3
116,CP001403.1_Sulfolobus_islandicus_Y.G.57.14,3089,957,31,68.5,69.18,31.5,30.8
117,CP002565.1_Methanosaeta_concilii_GP-6,2905,903,31.1,55,55.48,45,44.5
118,CP017768.1_Methanobacterium_subterraneum_strain_A8p,2436,757,31.1,69.4,70.23,30.6,29.8
119,CP077713.1_Saccharolobus_shibatae_strain_S38A_chromosome,3178,993,31.2,68.7,69.04,31.3,31
120,CP001731.1_Sulfolobus_islandicus_L.D.8.5,3128,975,31.2,68.7,69.18,31.3,30.8
121,CP046616.1_Sulfolobus_islandicus_strain_HVE_10-4_chromosome,2917,912,31.3,69,69.73,31,30.3
122,CP152368.1_Sulfolobus_tengchongensis_strain_HGQ25_chromosome,2944,925,31.4,69.4,69.75,30.6,30.3
123,CP006933.1_Methanobacterium_formicicum_strain_BRM9,2417,762,31.5,68,68.66,32,31.3
124,CP045483.1_Stygiolobus_azoricus_strain_FC6_chromosome,2176,685,31.5,68,68.71,32,31.3
125,CP077715.1_Saccharolobus_shibatae_strain_BEU9_chromosome,3150,991,31.5,68.5,68.81,31.5,31.2
126,CP077717.1_Saccharolobus_shibatae_B12_chromosome,3210,1025,31.9,69.3,69.43,30.7,30.6
127,AE017261.1_Picrophilus_torridus_DSM_9790,1534,489,31.9,72.7,74.45,27.3,25.6
128,AP027738.1_Methanobacterium_ferruginis_NBRC_105197_DNA,2979,958,32.2,68.7,69.6,31.3,30.4
129,CP014265.1_Methanobrevibacter_olleyae_strain_YLM1,1876,604,32.2,82.1,82.21,18,17.8
130,CP000477.1_Methanosaeta_thermophila_PT,1781,575,32.3,51.6,51.03,48.4,49
131,AP025245.1_Acidianus_sp._HS-5_DNA,2901,937,32.3,70,70.05,30,30
132,CP010514.1_Candidatus_Nanopusillus_acidilobi_strain_7A,695,225,32.4,80.7,80.59,19.3,19.4
133,CP077107.1_Methanospirillum_hungatei_strain_GP1_chromosome,3265,1061,32.5,61,61.73,39,38.3
134,AE006641.1_Sulfolobus_solfataricus_P2,3049,997,32.7,67.9,68.82,32.1,31.2
135,CP075546.1_Methanospirillum_sp._J.3.6.1-F.2.7.3_chromosome,3394,1114,32.8,61.1,61.86,39,38.1
136,CP033241.1_Saccharolobus_solfataricus_strain_SUL120_chromosome,2987,984,32.9,68.3,69.39,31.7,30.6
137,CP000254.1_Methanospirillum_hungatei_JF-1,3302,1090,33,58.8,59.65,41.2,40.4
138,CP040735.1_Methanobacterium_sp._CWC-01_chromosome,2122,701,33,65.3,65.47,34.7,34.5
139,CP033240.1_Saccharolobus_solfataricus_strain_SARC-O_chromosome,2974,982,33,68.1,69.26,31.9,30.7
140,CP033239.1_Saccharolobus_solfataricus_strain_SARC-N_chromosome,2970,981,33,68.1,69.27,32,30.7
141,CP002535.1_Acidianus_hospitalis_W1,2423,800,33,70.3,70.67,29.7,29.3
142,AP031374.1_Sulfurisphaera_ohwakuensis_YN1HA_DNA,3177,1047,33,71.5,71.73,28.6,28.3
147,CP011056.2_Saccharolobus_solfataricus_strain_SARC-C_chromosome,3028,1002,33.1,68,69.28,32,30.7
148,CP011057.2_Sulfolobus_solfataricus_strain_SULA,3028,1001,33.1,68,69.29,32,30.7
149,CP011055.2_Saccharolobus_solfataricus_strain_SARC-B_chromosome,3028,1001,33.1,68,69.29,32,30.7
143,CP033238.1_Saccharolobus_solfataricus_strain_SULM_chromosome,2972,983,33.1,68.1,69.26,31.9,30.7
144,CP033236.1_Saccharolobus_solfataricus_strain_SARC-H_chromosome,2986,987,33.1,68.1,69.27,32,30.7
145,CP033237.1_Saccharolobus_solfataricus_strain_SARC-I_chromosome,2986,987,33.1,68.1,69.27,32,30.7
146,CP033235.1_Saccharolobus_solfataricus_strain_SULG_chromosome,2986,987,33.1,68.1,69.27,32,30.7
150,CP035730.1_Sulfolobus_sp._S-194_chromosome,2936,971,33.1,72.1,72.1,27.9,27.9
151,CP003531.1_Thermogladius_cellulolyticus_1633,1465,487,33.2,51.6,51.36,48.4,48.6
152,CP043875.1_Methanoplanus_sp._FWC-SCC4_chromosome,2312,768,33.2,66.1,66.56,33.9,33.4
153,CP045482.1_Acidianus_ambivalens_strain_LEI_10_chromosome,2604,866,33.3,69.7,70.49,30.3,29.5
154,CP113361.1_Methanogenium_organophilum_strain_DSM_3596_chromosome,2596,867,33.4,55.1,56.25,44.9,43.8
155,CP001338.1_Methanosphaerula_palustris_E1-9c_chromosome,2866,965,33.7,51.2,51.64,48.8,48.4
156,AP018732.1_Conexivisphaera_calidus_NAS-02_DNA,1656,559,33.8,42.8,43.68,57.2,56.3
157,CP058560.1_Methanobacterium_alkalithermotolerans_strain_CAN_chromosome,2187,744,34,72.1,73.03,28,27
158,AP019770.1_Metallosphaera_sedula_MJ1HA_DNA,2625,894,34.1,60.3,60.97,39.7,39
159,CP091277.1_Methanogenium_sp._S4BF_chromosome,2394,818,34.2,53.9,54.51,46.1,45.5
160,CP008746.1_Methanosarcina_barkeri_CM1,3654,1251,34.2,65.5,66.41,34.5,33.6
161,CP060530.1_Candidatus_Micrarchaeum_sp._strain_A_DKE_chromosome,1055,362,34.3,62,62.04,38,38
162,CP012176.1_Metallosphaera_sedula_strain_SARC-M1,2358,811,34.4,60.6,61.15,39.4,38.9
163,AP027739.1_Methanobacterium_petrolearium_NBRC_105198_DNA,2815,968,34.4,67.9,69.03,32.1,31
164,CP000780.1_Methanoregula_boonei_6A8_chromosome,2512,867,34.5,51.9,51.02,48.1,49
165,CP160827.1_Saccharolobus_solfataricus_strain_S441_chromosome,3071,1058,34.5,67.9,69.43,32.1,30.6
166,AP031322.1_Sulfurisphaera_javensis_KD-1_DNA,2829,977,34.5,72.8,72.77,27.2,27.2
167,CP001719.1_Methanobrevibacter_ruminantium_M1,2282,788,34.5,78.9,79.34,21.1,20.7
168,CP002363.1_Desulfurococcus_mucosus_DSM_2162,1420,491,34.6,51.7,50.78,48.3,49.2
169,CP031156.1_Metallosphaera_prunae_strain_Ron_12-II_chromosome,2392,828,34.6,60.7,61.28,39.4,38.7
170,BA000023.2_Sulfolobus_tokodaii_str._7_DNA,2865,991,34.6,71.2,71.7,28.8,28.3
171,CP012172.1_Metallosphaera_sedula_strain_ARS50-1,2353,817,34.7,60.6,61.22,39.4,38.8
172,CP012173.1_Metallosphaera_sedula_strain_ARS50-2,2356,818,34.7,60.6,61.22,39.4,38.8
173,CP012174.1_Metallosphaera_sedula_strain_ARS120-1,2354,817,34.7,60.6,61.22,39.4,38.8
174,CP012175.1_Metallosphaera_sedula_strain_ARS120-2,2354,817,34.7,60.6,61.22,39.4,38.8
175,AP024597.1_Stygiolobus_sp._KN-1_DNA,3022,1049,34.7,66,66.57,34,33.4
176,CP045484.1_Sulfurisphaera_ohwakuensis_strain_TA-1_chromosome,3015,1047,34.7,70.5,71.76,29.5,28.2
177,CP009526.1_Methanosarcina_barkeri_str._Wiesmoor,3794,1319,34.8,65,65.69,35,34.3
178,CP000682.1_Metallosphaera_sedula_DSM_5348,2341,817,34.9,60.6,61.08,39.4,38.9
179,CP002656.1_Metallosphaera_cuprina_Ar-4,2076,725,34.9,63.7,64.13,36.3,35.9
180,CP009517.1_Methanosarcina_barkeri_3,3546,1239,34.9,65,66.06,35,33.9
181,CP062310.1_Infirmifilum_lucidum_strain_3507LT_chromosome,1822,638,35,55.1,53.1,44.9,46.9
182,CP003378.1_Caldisphaera_lagunensis_DSM_15908,1575,551,35,75.3,74.96,24.7,25
183,CP042905.2_Promethearchaeum_syntrophicum_strain_MK-D1_chromosome,3932,1378,35,76.6,76.94,23.4,23.1
184,CP009530.1_Methanosarcina_barkeri_227,3515,1241,35.3,64.7,65.54,35.3,34.5
185,CP022242.1_Methanofervidicoccus_sp._A16_chromosome,1366,484,35.4,74.2,73.67,25.8,26.3
186,CP000504.1_Pyrobaculum_islandicum_DSM_4184,2061,732,35.5,56.7,57.17,43.3,42.8
187,CP091092.1_Methanomicrobium_antiquum_strain_DSM_21220_chromosome,2372,845,35.6,67.6,68.63,32.5,31.4
188,CP006867.1_Ignicoccus_islandicus_DSM_13165,1577,563,35.7,56.8,57.82,43.2,42.2
189,CP003167.1_Methanoregula_formicica_SMSP_chromosome,2923,1047,35.8,51.1,51.03,48.9,49
190,CP139956.1_Metallosphaera_sedula_DSM_5348_chromosome,2417,865,35.8,60.5,61.17,39.5,38.8
191,CP009501.1_Methanosarcina_thermophila_TM-1,2626,940,35.8,64.2,64.57,35.8,35.4
192,AE000666.1_Methanothermobacter_thermautotrophicus_str._Delta_H,1916,688,35.9,58.2,58.24,41.8,41.8
193,CP009524.1_Methanosarcina_sp._Kolksee,3513,1263,36,64.6,65.54,35.4,34.5
194,CP009528.1_Methanosarcina_barkeri_MS,3561,1281,36,64.8,65.58,35.2,34.4
195,CP029287.2_Metallosphaera_hakonensis_JCM_8857_=_DSM_7519_strain_HO1-1_chromosome,2599,937,36.1,61.9,62.7,38.1,37.3
196,AP017646.1_Methanosarcina_thermophila_DNA,2836,1028,36.2,64,64.44,36,35.6
197,CP009502.1_Methanosarcina_thermophila_CHTI-55,2611,944,36.2,64,64.48,36,35.5
198,CP009520.1_Methanosarcina_vacuolata_Z-761,3539,1285,36.3,64.8,65.69,35.2,34.3
199,CP135238.1_Sulfuracidifex_metallicus_DSM_6482_=_JCM_9184_strain_DSM_6482_chromosome,2376,863,36.3,67.1,67.27,32.9,32.7
200,CP003098.1_Pyrobaculum_ferrireducens_strain_1860_chromosome,2891,1053,36.4,50.8,50.03,49.2,50
201,CP032683.1_Methanosarcina_flavescens_strain_E03.2_chromosome,2886,1051,36.4,64.9,65.27,35.1,34.7
202,CP000660.1_Pyrobaculum_arsenaticum_DSM_13514,2406,879,36.5,52.7,52.47,47.3,47.5
203,CP002278.1_Methanothermus_fervidus_DSM_2088,1351,494,36.6,72.8,71.79,27.2,28.2
204,AP018336.1_Methanothermobacter_sp._EMTCatA1_DNA,1856,681,36.7,58.9,58.93,41.1,41.1
205,CP003316.1_Pyrobaculum_oguniense_TE7,2978,1095,36.8,52.7,52.6,47.3,47.4
206,CP064337.1_Methanothermobacter_thermautotrophicus_strain_Z-245_chromosome,1840,677,36.8,59.1,58.98,41,41
207,CP009503.1_Methanosarcina_sp._WWM596,3472,1279,36.8,63.6,63.93,36.4,36.1
208,AP011952.1_Methanothermobacter_sp._CaT2_DNA,1795,662,36.9,59,59.11,41,40.9
209,CP064324.1_Methanothermobacter_thermautotrophicus_strain_Delta_H_chromosome,1844,683,37,58.9,58.8,41.1,41.2
210,AP011532.1_Methanocella_paludicola_SANAE_DNA,3062,1140,37.2,54.4,56.66,45.6,43.3
211,CP002117.1_Methanolacinia_petrolearia_DSM_11571_chromosome,2881,1072,37.2,58.9,60.81,41.1,39.2
212,CP000742.1_Methanococcus_vannielii_SB,1752,651,37.2,75.1,75.45,24.9,24.6
213,FN869859.1_Thermoproteus_tenax_Kra_1,2101,783,37.3,52.4,52.48,47.7,47.5
214,CP009504.1_Methanosarcina_sp._WH1,3262,1217,37.3,63.7,64.05,36.3,36
215,AP011526.1_Methanococcus_maripaludis_KA1_DNA,2003,750,37.4,73.9,73.56,26.1,26.4
216,CP104550.1_Methanothermobacter_wolfeii_strain_DSM_2970_chromosome,1887,707,37.5,59.5,59.37,40.5,40.6
217,CP069376.1_Methanothermobacter_marburgensis_strain_Marburg_chromosome,1774,667,37.6,60.4,59.81,39.6,40.2
218,CP001710.1_Methanothermobacter_marburgensis_str._Marburg,1802,680,37.7,60.5,59.66,39.5,40.3
219,CP166185.1_Methanothermobacter_sp._KEPCO_2_chromosome,1827,690,37.8,60.3,60.03,39.7,40
220,CP004144.1_Methanosarcina_mazei_Tuc01,3443,1303,37.8,62.9,63.58,37.1,36.4
221,CP009515.1_Methanosarcina_lacustris_Z-7289,3287,1241,37.8,63.4,63.97,36.7,36
222,AP011528.1_Methanococcus_maripaludis_OS7_DNA,1883,712,37.8,73.9,73.61,26.1,26.4
223,CP009961.1_Infirmifilum_uzonense_strain_1807-2,1696,644,38,59.4,59.23,40.6,40.8
224,CP044013.1_Methanothermobacter_sp._THM-1_chromosome,1807,686,38,59.8,59.62,40.2,40.4
225,CP009514.1_Methanosarcina_mazei_C16,3437,1311,38.1,63.6,64.15,36.5,35.9
226,CP009513.1_Methanosarcina_mazei_LYC,3412,1299,38.1,63.8,64.24,36.2,35.8
227,CP042908.1_Methanosarcina_mazei_strain_zm-15_chromosome,3611,1374,38.1,64.4,64.88,35.6,35.1
228,CP049074.1_Metallosphaera_tengchongensis_strain_Ric-A_chromosome,2267,867,38.2,61.8,62.39,38.2,37.6
229,CP009509.1_Methanosarcina_mazei_WWM610,3343,1277,38.2,63.7,64.13,36.3,35.9
230,AP019780.1_Methanosarcina_mazei_TMA_DNA,3866,1478,38.2,63.8,64.32,36.2,35.7
231,CP009516.1_Methanosarcina_horonobensis_HB-1,4161,1592,38.3,63.3,63.95,36.7,36.1
232,CP009511.1_Methanosarcina_mazei_SarPi,3276,1256,38.3,63.6,64.15,36.4,35.9
233,CP104013.1_Candidatus_Lokiarchaeum_ossiferum_isolate_Loki-B35_chromosome,5162,1979,38.3,72.9,73.36,27.1,26.6
234,CP042937.1_Methanothermobacter_sp._KEPCO-1_chromosome,1839,708,38.5,60.2,59.68,39.8,40.3
235,CP009507.1_Methanosarcina_siciliae_HI350,3965,1528,38.5,62.5,62.97,37.5,37
236,CP002913.1_Methanococcus_maripaludis_X1,1892,728,38.5,73.8,73.5,26.2,26.5
237,AE009441.1_Pyrobaculum_aerophilum_str._IM2,2705,1048,38.7,55.3,55.29,44.7,44.7
238,CP043480.1_Methanothermobacter_sp._THM-2_chromosome,1798,696,38.7,60.2,59.76,39.8,40.2
239,CP009506.1_Methanosarcina_siciliae_T4-M,4036,1560,38.7,62.4,62.97,37.6,37
240,CP117032.1_Mutant_Methanosarcina_mazei_strain_Mm_Mut_203b,3506,1358,38.7,64.2,64.78,35.8,35.2
241,AE017199.1_Nanoarchaeum_equitans_Kin4-M_chromosome,552,214,38.8,70.3,69.59,29.7,30.4
242,CP117271.1_Mutant_Methanosarcina_mazei_strain_Mm_Mut_208,3549,1379,38.9,64.2,64.79,35.8,35.2
243,CP009512.1_Methanosarcina_mazei_S-6,3412,1329,39,63.8,64.21,36.2,35.8
244,CP007493.1_Thermofilum_adornatum_1505_chromosome,1987,777,39.1,62.3,60.85,37.7,39.2
245,HE964772.2_Methanoculleus_bourgensis_MS2T_complete_genome,2628,1032,39.3,45.6,45.28,54.4,54.7
246,AP025698.1_Methanothermobacter_tenebrarum_RMAS_DNA,1640,645,39.3,63.3,62.55,36.7,37.5
247,CP006646.1_Thermofilum_adornatum_strain_1910b_chromosome,1941,765,39.4,63.2,61.89,36.8,38.1
248,AE010299.1_Methanosarcina_acetivorans_str._C2A,4662,1843,39.5,63.1,63.68,37,36.3
249,AE008384.1_Methanosarcina_mazei_strain_Goe1,3438,1357,39.5,64,64.41,36,35.6
250,CP000609.1_Methanococcus_maripaludis_C5,1879,745,39.6,73.5,73.36,26.5,26.6
251,CP000561.1_Pyrobaculum_calidifontis_JCM_11548,2198,872,39.7,50.8,49.87,49.2,50.1
252,CP009508.1_Methanosarcina_siciliae_C2J,4467,1772,39.7,62.7,62.98,37.3,37
253,CP115555.1_Methanomassiliicoccales_archaeon_LGM-RCC1_chromosome,1693,676,39.9,51.6,53.23,48.4,46.8
254,CP137642.1_Methanoculleus_receptaculi_strain_DSM_18860_chromosome,2074,834,40.2,46.7,46.89,53.3,53.1
255,CP000559.1_Methanocorpusculum_labreanum_Z,1819,732,40.2,55.4,57.14,44.6,42.9
256,AP018929.1_Sulfuracidifex_tepidarius_IC-006_DNA,2831,1138,40.2,64.5,64.8,35.5,35.2
257,CP003243.1_Methanocella_conradii_HZ254,2572,1038,40.4,56.8,57.74,43.2,42.3
258,AP018930.1_Sulfuracidifex_tepidarius_IC-007_DNA,2845,1152,40.5,64.1,64.72,35.9,35.3
259,CP026606.1_Methanococcus_maripaludis_strain_DSM_2067_chromosome,1861,754,40.5,74,73.73,26,26.3
260,CP010070.1_Candidatus_Methanoplasma_termitum_strain_MpT1,1458,592,40.6,56.8,58.17,43.2,41.8
261,CP002737.1_Methanotorris_igneus_Kol_5,1843,754,40.9,73.7,74.02,26.3,26
262,CP013703.1_Methanogenic_archaeon_mixed_culture_ISO4-G1,1548,640,41.3,50,51.76,50,48.2
263,CP009505.1_Methanosarcina_sp._MTP4,3314,1370,41.3,61.5,61.84,38.5,38.2
264,CP115556.1_Methanomassiliicoccales_archaeon_LGM-DZ1_chromosome,1738,733,42.2,45.1,45.78,54.9,54.2
265,AP018553.1_Sulfodiicoccus_acidiphilus_HS-1_DNA,2459,1038,42.2,53,53.05,47,47
266,CP001787.1_Methanocaldococcus_vulcanius_M7,1792,757,42.2,74.8,74.84,25.2,25.2
267,CP002590.1_Thermoproteus_uzoniensis_768-20,2229,946,42.4,46.1,47.11,53.9,52.9
268,CP004049.1_Candidatus_Methanomethylophilus_alvus_Mx1201,1706,730,42.8,49.5,50.85,50.5,49.1
269,AP017647.1_Methanothermobacter_sp._MT-2_DNA,1647,707,42.9,65.2,64.73,34.8,35.3
270,CP006868.1_Ignicoccus_pacificus_DSM_13166,1942,841,43.3,52.1,52.85,47.9,47.2
271,CP014214.1_Methanogenic_archaeon_ISO4-H5,1876,819,43.7,51.2,53.07,48.8,46.9
272,CP104395.1_Candidatus_Nanohalococcus_occultus_strain_SVXNc_chromosome,1087,478,44,57.6,57.82,42.4,42.2
273,CP017686.1_Methanomethylophilus_alvi_strain_Mx-05_chromosome,1632,719,44.1,50.1,51.22,50,48.8
274,CP001014.1_Pyrobaculum_neutrophilum_V24Sta_chromosome,2052,909,44.3,47.9,46.45,52.1,53.6
275,L77117.1_Methanocaldococcus_jannaschii_DSM_2661,1766,783,44.3,74.3,74.3,25.7,25.7
276,CP000968.1_Candidatus_Korarchaeum_cryptofilum_OPF8,1661,737,44.4,54.2,53.85,45.8,46.2
277,CP063144.1_Thermosphaera_aggregans_strain_3507_chromosome,1457,649,44.5,60,59.69,40,40.3
278,CP009149.1_Methanocaldococcus_bathoardescens_strain_JH146,1685,752,44.6,74.2,74.16,25.8,25.8
279,CP036172.1_Methanofollis_aquaemaris_strain_N2F9704_chromosome,2580,1156,44.8,46.5,47.3,53.5,52.7
280,CP131059.1_Methanimicrococcus_hongohii_strain_Hf6_chromosome,1819,829,45.6,69.3,70.82,30.8,29.2
281,CP001901.1_Methanocaldococcus_sp._FS406-22,1878,856,45.6,73,73.22,27,26.8
282,CP003117.1_Methanosaeta_harundinacea_6Ac,2395,1104,46.1,45.7,45.7,54.3,54.3
283,CP040089.1_Candidatus_Nanohalobium_constans_strain_LC1Nh_chromosome,1204,556,46.2,62.1,62.51,38,37.5
284,CP001939.1_Thermosphaera_aggregans_DSM_11486,1456,674,46.3,59.4,59.72,40.6,40.3
285,CP001696.1_Methanocaldococcus_fervens_AG86,1629,755,46.3,74.1,74.03,26,26
286,CP107255.1_Candidatus_Nanohalovita_haloferacivicina_strain_BNXNv_chromosome,1210,563,46.5,60.8,60.96,39.2,39
287,CP001857.1_Archaeoglobus_profundus_DSM_5631,1905,885,46.5,61.4,61.69,38.6,38.3
288,CP005290.1_Archaeoglobus_sulfaticallidus_PM70-1,2288,1063,46.5,62.7,62.97,37.3,37
289,CP000562.1_Methanoculleus_marisnigri_JR1,2555,1196,46.8,43.9,44.52,56.1,55.5
290,AP019781.1_Methanoculleus_chikugoensis_MG62_DNA,2624,1238,47.2,43.6,44.29,56.4,55.7
291,CP109831.1_Methanoculleus_submarinus_strain_DSM_15122_chromosome,2503,1181,47.2,43.8,44.54,56.2,55.5
292,CP047880.1_Methanomassiliicoccaceae_archaeon_DOK_chromosome,1913,906,47.4,45.6,46.64,54.4,53.4
293,CP002916.1_Thermoplasmatales_archaeon_BRNA1,1576,750,47.6,47.2,48.57,52.8,51.4
294,CP012158.1_Pyrobaculum_sp._WP30,2250,1070,47.6,49.9,49.81,50.1,50.2
295,CP000505.1_Thermofilum_pendens_Hrk_5,1878,900,47.9,49.4,48.43,50.6,51.6
296,CP001941.1_Aciduliprofundum_boonei_T469,1586,766,48.3,65.8,65.53,34.2,34.5
297,CP046106.1_Candidatus_Nanohaloarchaea_archaeon_strain_M3_22_chromosome,1123,545,48.5,59.9,59.91,40.1,40.1
298,CP002588.1_Archaeoglobus_veneficus_SNP6,2193,1073,48.9,58.1,58.44,41.9,41.6
299,CP122958.1_Methanonatronarchaeum_sp._AMET-Sl_chromosome,1588,785,49.4,68.7,68.49,31.3,31.5
300,CP095400.1_Methanonatronarchaeum_sp._AMET6-2_chromosome,1468,729,49.7,64.3,64.74,35.8,35.3
301,BA000001.2_Pyrococcus_horikoshii_OT3_DNA,2115,1063,50.3,61.8,61.07,38.2,38.9
302,CP003168.1_Aciduliprofundum_sp._MAR08-339,1580,799,50.6,62.2,61.48,37.8,38.5
303,CP169074.1_Halorutilales_archaeon_Cl-col2-1_chromosome,2089,1060,50.7,49.7,51.89,50.3,48.1
304,CP000816.1_Ignicoccus_hospitalis_KIN4-I,1492,765,51.3,44.8,44.19,55.3,55.8
305,CP024845.1_Halohasta_litchfieldiae_strain_tADL_chromosome,3519,1806,51.3,44.8,47.93,55.2,52.1
306,CP002009.1_Methanocaldococcus_infernus_ME,1512,779,51.5,70.9,70.52,29.2,29.5
307,AE009439.1_Methanopyrus_kandleri_AV19,1729,897,51.9,39.3,39.56,60.7,60.4
308,CP012986.1_Nanohaloarchaea_archaeon_SG9,1224,659,53.8,59.9,59.85,40.1,40.2
309,CP131062.1_Methanimicrococcus_stummii_strain_Es2_chromosome,1654,890,53.8,68.3,69.37,31.7,30.6
310,CP073366.1_Haloarcula_sinaiiensis_ATCC_33800_chromosome,3205,1729,53.9,41.9,43.59,58.1,56.4
311,CP002670.1_Pyrococcus_sp._NA2,2028,1095,54,60.6,60.48,39.4,39.5
312,CP087714.1_Geoglobus_acetivorans_strain_SBH6_chromosome,2217,1199,54.1,59.3,59.46,40.7,40.5
313,CP039138.1_Haloarcula_marismortui_ATCC_43049_chromosome,3196,1742,54.5,41.8,43.45,58.2,56.6
314,CP064786.1_Natranaeroarchaeum_sulfidigenes_strain_AArc-S_chromosome,3176,1733,54.6,42.9,44.82,57.1,55.2
315,AE009950.1_Pyrococcus_furiosus_DSM_3638,2168,1193,55,62.9,62.46,37.1,37.5
316,CP016070.1_Halodesulfurarchaeum_formicicum_strain_HTSR1,2071,1145,55.3,39.9,40.23,60.1,59.8
317,CP131061.1_Methanolapillus_ohkumae_strain_Am2_chromosome,1640,910,55.5,70.6,71.07,29.4,28.9
318,CP131060.1_Methanolapillus_millepedarum_strain_Ac7_chromosome,1815,1010,55.6,67.7,68.95,32.3,31.1
319,CP009552.1_Geoglobus_acetivorans_strain_SBH6,2274,1266,55.7,58.8,58.54,41.2,41.5
320,CP015193.1_Complete_genome_sequence_of_Thermococcus_chitonophagus_type_strain_GC74,2165,1208,55.8,59.2,58.84,40.8,41.2
321,CP033878.1_Halorhabdus_sp._CBA1104_chromosome,2612,1459,55.9,40.5,41.58,59.5,58.4
322,CP003685.1_Pyrococcus_furiosus_COM1,2111,1190,56.4,62.9,62.46,37.1,37.5
323,CP023154.1_Pyrococcus_furiosus_DSM_3638_chromosome,2102,1185,56.4,63,62.6,37,37.4
324,CP096019.1_Halocatena_salina_strain_AD-1_chromosome,2592,1465,56.5,45.7,48.06,54.3,51.9
325,CP010529.1_Haloarcula_sp._CBA1115,3413,1931,56.6,41,43.05,59,57
326,CP070332.2_Halobacterium_sp._BOL4-2_chromosome,2127,1206,56.7,36.1,36.77,63.9,63.2
327,CP085882.1_Halobacterium_salinarum_NRC-34001_chromosome,2169,1233,56.8,36.3,36.85,63.7,63.2
328,CP038631.1_Halobacterium_salinarum_strain_91-R6_chromosome,2399,1363,56.8,36.8,37.83,63.2,62.2
329,CP016804.1_Halodesulfurarchaeum_formicicum_strain_HSR6,2148,1220,56.8,40,40.45,60,59.6
330,CP010835.1_Pyrococcus_kukulkanii_strain_NCB100,2185,1240,56.8,59.4,59.12,40.6,40.9
331,AM774415.1_Halobacterium_salinarum_R1_complete_genome,2227,1272,57.1,36.3,37.05,63.7,63
332,CP146625.1_Halobacterium_salinarum_strain_KBTZ03_chromosome,2111,1212,57.4,36,36.67,64.1,63.3
333,CP070377.1_Halobacterium_sp._GSL-19_chromosome,2123,1219,57.4,36,36.69,64,63.3
334,CP148056.1_Halobacterium_salinarum_strain_KBTZ02_chromosome,2102,1209,57.5,35.9,36.64,64.1,63.4
335,CP128377.3_Halobacterium_salinarum_strain_KBTZ01_chromosome,2101,1210,57.6,35.9,36.63,64.1,63.4
336,CP005962.1_Salinarchaeum_sp._Harcht-Bsk1,3061,1769,57.8,36.4,37.21,63.6,62.8
337,CP001687.1_Halorhabdus_utahensis_DSM_12940,3075,1777,57.8,40.7,42.17,59.3,57.8
338,AE004437.1_Halobacterium_sp._NRC-1,2110,1233,58.4,35.3,35.95,64.8,64.1
339,CP064791.1_Halapricum_desulfuricans_strain_HSR-Est_chromosome,2755,1619,58.8,40.7,41.97,59.4,58
340,CP003534.1_Pyrococcus_sp._ST04,1839,1082,58.8,60.4,60.21,39.6,39.8
341,CP001463.1_Thermococcus_sibiricus_MM_739,2107,1246,59.1,64.5,64.38,35.5,35.6
342,CP107254.1_Halorhabdus_sp._BNX81_chromosome,2832,1684,59.5,40.3,41.61,59.7,58.4
343,CP104322.1_Halorhabdus_sp._SVX81_chromosome,2897,1744,60.2,40.3,41.81,59.7,58.2
344,CP006577.1_Archaeoglobus_fulgidus_DSM_8774,2657,1600,60.2,58.9,58.96,41.1,41
345,AE000782.1_Archaeoglobus_fulgidus_DSM_4304,2486,1499,60.3,58.1,58.17,41.9,41.8
346,CP064788.1_Halapricum_desulfuricans_strain_HSR12-2_chromosome,3078,1882,61.1,39.7,41.28,60.3,58.7
347,CP031310.1_Halapricum_salinum_strain_CBA1105_chromosome,3404,2081,61.1,40.6,41.82,59.4,58.2
348,CP031305.1_Natronorubrum_bangense_strain_JCM_10635_chromosome,3096,1893,61.1,42.5,44.27,57.5,55.7
349,CP011267.1_Geoglobus_ahangari_strain_234,2071,1268,61.2,54.4,54.22,45.6,45.8
350,CP080572.1_Thermococcus_argininiproducens_strain_IOH2_chromosome,2124,1299,61.2,64.4,64.37,35.6,35.6
351,CP008874.1_Halanaeroarchaeum_sulfurireducens_strain_HSR2,2161,1327,61.4,40,41.43,60.1,58.6
352,CP064789.1_Halapricum_desulfuricans_strain_HSR-Bgl_chromosome,3021,1857,61.5,39.7,41.16,60.3,58.8
353,CP011564.1_Halanaeroarchaeum_sulfurireducens_strain_M27-SA2,2200,1354,61.5,40,41.45,60.1,58.6
354,CP013050.1_Thermococcus_barophilus_strain_CH5,2686,1662,61.9,62.5,62.24,37.5,37.8
355,CP064787.1_Halapricum_desulfuricans_strain_HSR12-1_chromosome,3109,1930,62.1,39.2,40.73,60.8,59.3
356,CP006965.1_Thermococcus_paralvinellae_strain_ES1_chromosome,2090,1301,62.2,63.9,63.72,36.1,36.3
357,CP001899.1_Ferroglobus_placidus_DSM_10642,2622,1645,62.7,60.8,61.28,39.2,38.7
358,CP002372.1_Thermococcus_barophilus_MP,2257,1424,63.1,63.1,62.52,36.9,37.5
359,CP045488.1_Natronorubrum_aibiense_strain_7-3_chromosome,3332,2123,63.7,41.4,43.37,58.6,56.6
360,CP141821.1_Thermococcus_sp._SY098_chromosome,2296,1468,63.9,63.3,62.61,36.7,37.4
361,CP028858.1_Halococcoides_cellulosivorans_strain_HArcel1_chromosome,2641,1700,64.4,36.7,37.62,63.3,62.4
362,HF571520.1_Halorhabdus_tiamatea_SARL4B_complete_genome,2792,1801,64.5,39.6,40.76,60.4,59.2
363,CP002988.1_Halophilic_archaeon_DL31_chromosome,3068,1983,64.6,39.1,40.02,60.9,60
364,CP087724.1_Halanaeroarchaeum_sp._HSR-CO_chromosome,2888,1877,65,39.3,40.8,60.7,59.2
365,CP048739.1_Halogeometricum_borinquense_strain_wsp4_chromosome,4007,2605,65,43.3,45.77,56.7,54.2
366,CP003050.1_Halovivax_ruber_XH-70,3187,2075,65.1,39.1,40.52,61,59.5
367,CP058601.1_Natrinema_halophilum_strain_YPL8_chromosome,4196,2739,65.3,42.9,44.74,57.1,55.3
368,CP002062.1_Halalkalicoccus_jeotgali_B3,3082,2026,65.7,38.6,40.01,61.5,60
369,CP006019.1_Palaeococcus_pacificus_DY20341,2045,1349,66,62.2,61.92,37.8,38.1
370,CP027033.1_Natrarchaeobaculum_sulfurireducens_strain_AArc-Mg_chromosome,3588,2370,66.1,40.4,41.84,59.6,58.2
371,CP006670.1_Thermococcus_litoralis_DSM_5473,2575,1706,66.3,61.5,61.15,38.6,38.9
372,CP019067.1_Halorientalis_sp._IM1011_chromosome,3518,2338,66.5,37.6,38.69,62.4,61.3
373,CP044129.1_Halomicrobium_sp._LC1Hm_chromosome,3318,2210,66.6,38.2,39.32,61.9,60.7
374,CP003412.1_Natrinema_sp._J7-2,4296,2861,66.6,38.6,40.49,61.4,59.5
375,CP001688.1_Halomicrobium_mukohataei_DSM_12286,3276,2194,67,38.1,39.54,61.9,60.5
376,CP012200.1_Thermococcus_sp._2319x1,2346,1572,67,60.3,59.92,39.7,40.1
377,CP045142.1_Halomicrobium_sp._ZPS1_chromosome,3178,2133,67.1,38,39.55,62,60.5
378,CP039375.1_Halomicrobium_mukohataei_strain_JP60_chromosome,3174,2130,67.1,38,39.56,62,60.4
379,CP059154.1_Natrinema_zhouii_strain_YPL30_chromosome,3753,2518,67.1,40.8,42.61,59.2,57.4
380,CP024047.1_Natrarchaeobaculum_sulfurireducens_strain_AArc1_chromosome,3530,2372,67.2,40.5,41.91,59.5,58.1
381,CP168057.1_Halomicrobium_sp._HM_KBTZ05_chromosome,3167,2153,68,38.1,39.34,61.9,60.7
382,CP003377.1_Natronobacterium_gregoryi_SP2,3835,2613,68.1,41.8,43.42,58.2,56.6
383,CP019893.1_Natrarchaeobaculum_aegyptiacum_strain_JW-NM-HA_15_chromosome,3793,2587,68.2,39.4,40.67,60.6,59.3
384,CP025066.1_Halalkaliarchaeum_desulfuricum_strain_AArc-Sl_chromosome,3285,2240,68.2,40.9,42.3,59.1,57.7
385,CP087723.1_Halalkaliarchaeum_sp._AArc-CO_chromosome,3062,2091,68.3,40.2,41.66,59.8,58.3
386,CP002779.1_Pyrococcus_yayanosii_CH1,1952,1336,68.4,52.2,51.88,47.8,48.1
387,CP003372.1_Natrinema_pellirubrum_DSM_15624,3880,2658,68.5,38.4,40.35,61.6,59.7
388,CP058335.1_Natronomonas_salina_strain_YPL13_chromosome,3921,2688,68.6,35.3,36.96,64.7,63
389,CP007055.1_Halostagnicola_larsenii_XH-48,2999,2056,68.6,41.9,43.6,58.1,56.4
390,CR936257.1_Natronomonas_pharaonis_DSM_2160_complete_genome,2829,1943,68.7,39,40.33,61,59.7
391,CP050014.1_Haloarcula_sp._JP-L23_chromosome,3753,2581,68.8,38.2,39.85,61.8,60.2
392,CP015520.1_Thermococcus_piezophilus_strain_CDGS_chromosome,2126,1468,69,54.6,54.46,45.4,45.5
393,CP003929.1_Natronococcus_occultus_SP4,4076,2815,69.1,38.7,40.66,61.3,59.3
394,CP100355.1_Natronosalvus_rutilus_strain_WLHS1_chromosome,3683,2545,69.1,40.3,42.03,59.7,58
395,CP039139.1_Haloferax_mediterranei_ATCC_33500_chromosome,3021,2087,69.1,42.8,44.84,57.2,55.2
396,CP071463.1_Natrinema_longum_strain_ABH32_chromosome,3559,2475,69.5,39.5,41.09,60.5,58.9
397,CP001868.2_Haloferax_mediterranei_ATCC_33500,3017,2097,69.5,42.7,44.52,57.4,55.5
398,CP171781.1_Natrinema_pallidum_strain_NMX15-1_chromosome,3537,2464,69.7,38.6,40.39,61.5,59.6
399,CP050274.1_Halogeometricum_borinquense_strain_wsp3_chromosome,2941,2051,69.7,42.6,44.55,57.4,55.5
400,CP040637.1_Natrinema_pallidum_strain_BOL6-1_chromosome,3491,2435,69.8,38.5,40.33,61.5,59.7
401,CP099997.1_Natronosalvus_halobius_strain_AGai3-5_chromosome,3395,2369,69.8,40.6,42.1,59.4,57.9
402,CP007060.1_Halobacterium_sp._DL1,3051,2135,70,36.2,37.25,63.8,62.8
403,HF582854.1_Natronomonas_moolapensis_8.8.11_complete_genome,3226,2267,70.3,37.5,39.52,62.5,60.5
404,CP069188.1_Haloterrigena_salifodinae_strain_BOL5-1_chromosome,4178,2938,70.3,39.1,41.12,60.9,58.9
405,CP000855.1_Thermococcus_onnurineus_NA1,2026,1424,70.3,54.5,54.08,45.5,45.9
406,CP001690.1_Halogeometricum_borinquense_DSM_11551,2965,2087,70.4,42.5,44.33,57.5,55.7
407,CP172595.1_Haloferax_sp._S1W_chromosome,3228,2275,70.5,41.8,43.86,58.2,56.1
408,CP101873.1_Natrinema_thermotolerans_strain_A29_chromosome,4413,3117,70.6,37.9,39.6,62.1,60.4
409,CP089468.1_Halobacterium_noricense_strain_JCM_15102_chromosome,3088,2183,70.7,36.9,38.79,63.1,61.2
410,CP019285.1_Halobiforma_lacisalsi_AJ5,4064,2890,71.1,38.4,39.75,61.7,60.3
411,CP034145.1_Haloplanus_aerogenes_strain_JCM_16430_chromosome,3551,2531,71.3,37.4,38.92,62.6,61.1
412,CP031303.1_Natrinema_thermotolerans_strain_A29_chromosome,3677,2633,71.6,37.7,39.19,62.3,60.8
413,CP071462.1_Haloterrigena_alkaliphila_strain_KZCA68_chromosome,3761,2695,71.7,38.6,40.33,61.5,59.7
414,CP078063.1_Haloferax_larsenii_strain_NCIM_5678_chromosome,3149,2259,71.7,41.3,43.16,58.8,56.8
415,CP058909.1_Halosimplex_pelagicum_strain_R2_chromosome,5198,3733,71.8,34.6,36.53,65.4,63.5
416,CP002839.1_Halopiger_xanaduensis_SH-6,3685,2661,72.2,38.3,40.06,61.7,59.9
417,CP054587.1_Halolamina_sp._CBA1230_chromosome,3049,2208,72.4,35.1,36.03,64.9,64
418,CP014750.1_Thermococcus_peptonophilus_strain_OG-1,2010,1457,72.5,54.7,54.37,45.3,45.6
419,CP001860.1_Haloterrigena_turkmenica_DSM_5511,3842,2792,72.7,38.7,40.36,61.3,59.6
420,CP104003.1_Salinirubellus_salinus_strain_ZS-35-S2_chromosome,4303,3132,72.8,33.7,34.37,66.4,65.6
421,CP127174.1_Natrialbaceae_archaeon_AArc-T1-2_chromosome,3184,2320,72.9,39.9,41.3,60.2,58.7
422,CP007140.1_Thermococcus_guaymasensis_DSM_11113,2170,1583,72.9,53.6,53.2,46.5,46.8
423,CP058910.1_Halosimplex_rubrum_strain_R27_chromosome,4470,3265,73,34.1,35.78,65.9,64.2
424,CP015103.1_Thermococcus_siculi_strain_RG-20,2166,1584,73.1,51.4,51.14,48.6,48.9
425,CP095005.1_Halococcus_dombrowskii_strain_H4_chromosome,2860,2096,73.3,38.6,39.87,61.4,60.1
426,CP058334.1_Natronomonas_halophila_strain_C90_chromosome,3411,2502,73.4,39.2,40.57,60.8,59.4
427,CP002920.1_Thermococcus_sp._4557,2180,1604,73.6,51.3,50.85,48.7,49.2
428,CP001398.1_Thermococcus_gammatolerans_EJ3,2210,1627,73.6,51.8,51.66,48.2,48.3
429,CP041932.1_Thermococcus_aciditolerans_strain_SY113_chromosome,2373,1748,73.7,51.6,51.55,48.4,48.5
430,CP031148.1_Haloplanus_rubicundus_strain_CBA1112_chromosome,3541,2616,73.9,36.1,37.5,63.9,62.5
431,CP034345.1_Haloplanus_rallus_strain_MBLA0036_chromosome,3392,2510,74,35.3,36.75,64.7,63.3
432,CP031150.1_Haloplanus_rubicundus_strain_CBA1113_chromosome,3400,2515,74,36,37.4,64,62.6
433,CP015105.1_Thermococcus_thioreducens_strain_OGL-20P,2311,1711,74,52.8,52.59,47.2,47.4
434,CP003651.1_Thermococcus_cleftensis_strain_CL1,2090,1548,74.1,50.7,50.25,49.3,49.8
435,CP008887.1_Thermococcus_eurythermalis_strain_A501,2182,1622,74.3,52.7,52.68,47.4,47.3
436,CP058529.1_Halorarum_halophilum_strain_Gai3-2_chromosome,3666,2743,74.8,35.4,36.54,64.6,63.5
437,CP034692.1_Halorubrum_sp._BOL3-1_chromosome,3358,2512,74.8,35.5,38.08,64.5,61.9
438,CP040846.1_Thermococcus_indicus_strain_IOH1_chromosome,2406,1800,74.8,51.6,51.4,48.4,48.6
439,CP058579.1_Halorarum_salinum_strain_NJ-3-1_chromosome,4053,3035,74.9,33.5,34.98,66.5,65
440,CP159204.1_Halobacterium_sp._NMX12-1_chromosome,2879,2156,74.9,35,36.17,65.1,63.8
441,CP014855.1_Thermococcus_gorgonarius_strain_W-12,1864,1397,74.9,54.2,54.02,45.8,46
442,CP021848.1_Thermococcus_sp._5-4_chromosome,2017,1515,75.1,51.4,51.12,48.6,48.9
443,CP116886.1_Thermococcus_kodakarensis_strain_TS901_chromosome,2349,1765,75.1,54,53.68,46,46.3
444,CP065856.1_Halosimplex_litoreum_strain_YGH94_chromosome,4097,3082,75.2,34.5,35.62,65.5,64.4
445,CP116885.1_Thermococcus_kodakarensis_strain_TS900_chromosome,2353,1769,75.2,54.1,53.69,45.9,46.3
446,CP015102.1_Thermococcus_pacificus_strain_P-4,1965,1480,75.3,52.5,52.14,47.5,47.9
447,CP034940.1_Halorubrum_ezzemoulense_strain_Fb21_chromosome,3123,2354,75.4,33.5,35.48,66.6,64.5
448,CP042241.1_Salarchaeum_sp._JOR-1_chromosome,2457,1853,75.4,37.1,38.19,62.9,61.8
449,CP002952.1_Thermococcus_sp._AM4,2279,1719,75.4,50.6,50.46,49.4,49.5
450,CP015106.1_Thermococcus_radiotolerans_strain_EJ2,2048,1547,75.5,51.5,51.18,48.5,48.8
451,AP006878.1_Thermococcus_kodakarensis_KOD1_DNA,2304,1742,75.6,54.1,53.77,45.9,46.2
452,CP015101.1_Thermococcus_barossii_strain_SHCK-94,2066,1563,75.7,51.6,51.38,48.4,48.6
453,CP048032.1_Haloarchaeon_3A1-DGR_strain_3A1-DGR_chromosome,2868,2179,76,35.7,37.14,64.3,62.9
454,CP031311.1_Halobellus_limi_strain_CGMCC_1.10331_chromosome,2923,2226,76.2,36.1,37.71,63.9,62.3
455,CP082284.1_Halobaculum_rubrum_strain_C46_chromosome,3015,2329,77.2,33.5,34.8,66.5,65.2
456,CP054585.1_Halorubrum_sp._CBA1229_chromosome,3230,2504,77.5,34.1,35.78,66,64.2
457,CP014854.1_Thermococcus_celer_Vu_13_=_JCM_8558,2006,1554,77.5,50.6,50.35,49.4,49.7
458,CP015104.1_Thermococcus_sp._P6,1636,1268,77.5,51.4,50.97,48.6,49
459,CP081958.1_Halobaculum_magnesiiphilum_strain_NBRC_109044_chromosome,3047,2369,77.7,32.5,33.68,67.5,66.3
460,CP082286.1_Halobaculum_roseum_strain_CGMCC_1.15501_chromosome,3047,2368,77.7,32.7,34.04,67.3,66
461,CP053941.1_Halorubrum_salinarum_strain_RHB-C_chromosome,2979,2353,79,31.8,33.25,68.2,66.8
462,CP030064.1_Halorubrum_sp._PV6_chromosome,2735,2160,79,34.7,36.3,65.3,63.7
463,CP076019.1_Halorubrum_sp._2020YC2_chromosome,3032,2414,79.6,33.2,34.88,66.8,65.1
464,CP073695.1_Halorubrum_ruber_strain_MBLA0099_chromosome,2974,2367,79.6,33.5,35.07,66.5,64.9
465,CP090371.1_Halobaculum_sp._CBA1158_chromosome,2989,2395,80.1,32.7,33.98,67.3,66
466,CP054707.1_Halarchaeum_sp._CBA1220_chromosome,2118,1696,80.1,33,34,67,66
467,CP026309.1_Salinigranum_rubrum_strain_GX10_chromosome,4197,3361,80.1,36.7,37.73,63.3,62.3
468,CP089466.1_Halobacterium_litoreum_strain_ZS-54-S2_chromosome,2940,2364,80.4,34.7,35.73,65.3,64.3
469,CP048738.1_Haloferax_volcanii_strain_wsp1_chromosome,3702,2987,80.7,36.9,38.67,63.1,61.3
470,CP063205.1_Haloferax_gibbonsii_strain_LR2-5_chromosome,3188,2579,80.9,37,38.51,63,61.5
471,CP099993.1_Halorussus_salilacus_strain_YCN54_chromosome,3119,2543,81.5,37.2,38.95,62.8,61.1
472,CP007264.1_Thermococcus_nautili_strain_30-1,2287,1878,82.1,50.8,50.78,49.2,49.2
473,CP096659.1_Halorussus_limi_strain_XZYJT49_chromosome,3659,3012,82.3,38.3,39.78,61.7,60.2
474,CP096658.1_Halorussus_gelatinilyticus_strain_XZYJT40_chromosome,3726,3082,82.7,38.5,40.03,61.6,60
475,CP100000.1_Halorussus_vallis_strain_XZYJT10_chromosome,4028,3334,82.8,37.6,38.87,62.4,61.1
476,CP106966.1_Haloferax_volcanii_strain_BNX82_chromosome,3043,2524,82.9,36.6,37.77,63.5,62.2
477,CP039833.1_Haloprofundus_sp._MHR1_chromosome,3088,2563,83,38.1,39.47,61.9,60.5
478,CP011947.1_Haloferax_gibbonsii_strain_ARA6,3007,2508,83.4,36.8,37.97,63.2,62
